date,city,id,name,name_original,coordinates,address,public_stops,theme,tops,image_url,description
2026:09:01,Prague,1,Václav Havel Airport Prague,Letiště Václava Havla Praha,"50.10690516091657, 14.268593901207927","Aviatická, 161 00 Praha 6, Czechia",Letiště (Bus),Transport system,5.0,,"Václav Havel Airport Prague, formerly Prague Ruzyně International Airport, is an international airport of Prague, the capital of the Czech Republic. Its official name according to the Air Navigation Services of the Czech Republic is Praha/Ruzyně Airport."
2026:09:01,Prague,2,Prague Main Train Station,Praha hl.n.,"50.08322230007339, 14.435311982177835","Wilsonova 300/8, 120 00 Vinohrady, Czechia","Hlavní nádraží (Subway, tram, bus)",Transport system,5.0,,"Praha hlavní nádraží is the largest railway station in Prague, Czech Republic. It opened in 1871 as Franz Josef Station, after Franz Joseph I of Austria. During the First Republic and from 1945 to 1948 the station was called Wilson Station, after the former President of the United States Woodrow Wilson."
2026:09:01,Prague,3,Prague Main Bus Terminal (Florenc),Praha ÚAN Florenc,"50.08945785493776, 14.440321204965203","New Town, 186 00 Prague 8, Czechia",Florenc (Subway),Transport system,5.0,,"The Karlín Music Theatre is a theatre in the Karlín district of Prague, in Czechia, devoted largely to the performance of operettas and musical theatre. Built in 1881, it is now the second largest theatre in Prague after the Prague State Opera."
2026:09:01,Prague,4,Town square,Staroměstské náměstí,"50.08755861569661, 14.421288813722363","Staroměstské nám., 110 00 Josefov, Czechia","Staroměstská (Subway, tram, bus)",Old Town,5.0,,"The European Association of Archaeologists (EAA) is a membership-based, not-for-profit association, open to archaeologists and other related or interested individuals or bodies in Europe and beyond. It was founded in 1994 at an inaugural meeting in Ljubljana, Slovenia, where its Statutes were formally approved, and recognized by the Council of Europe in 1999. EAA has had over 15,000 members on its database from 75 countries. EAA holds an annual conference and publishes the flagship journal, the European Journal of Archaeology. The EAA also publishes an in-house newsletter, The European Archaeologist (TEA), and two monograph series. The registered office of the association is in Prague, Czech Republic."
2026:09:01,Prague,5,Prague Castle,Pražský hrad,"50.0910896882386, 14.401605767969595","Hradčany, 119 08 Prague 1, Czechia","Malostranská (Subway, tram, bus)",Point of interest,5.0,,"St. George's Square is located at Prague Castle in Prague, Czech Republic."
2026:09:01,Prague,6,Charles Bridge,Karlův most,"50.0864820445259, 14.411469149667829","Karlův most, 110 00 Praha 1, Czechia","Staroměstská (Subway, tram, bus)",Old Town,10.0,,"Statues of Saints Cyril and Methodius by Karel Dvořák are installed on the north side of the Charles Bridge in Prague, Czech Republic."
2026:09:01,Prague,7,St. Vitus Cathedral,Katedrála sv. Víta,"50.090891771525676, 14.400532854476001","III. nádvoří 48/2, 119 01 Praha 1-Hradčany, Czechia","Malostranská (Subway, tram, bus)",Old Town,10.0,,"The Metropolitan Cathedral of Saints Vitus, Wenceslaus and Adalbert is a Catholic metropolitan cathedral in Prague, and the seat of the Archbishop of Prague. Until 1997, the cathedral was dedicated only to Saint Vitus, and is still commonly named only as St. Vitus Cathedral."
2026:09:01,Prague,8,Prague Zoo,Zoo Praha,"50.11774669038126, 14.406151675942768","U Trojského zámku 120/3, 171 00 Praha 7, Czechia",Botanická zahrada Troja  (bus),Parks & Nature,10.0,,"Prague Zoological Garden is a zoo in Prague, Czech Republic. It was opened in 1931 with the goal to ""advance the study of zoology, protect wildlife, and educate the public"" in the district of Troja in the north of Prague. In 2013, the zoo occupied 58 hectares with 50 hectares in use for exhibits, and housed around 5,000 animals from 676 species, including 132 species listed as threatened."
2026:09:01,Prague,9,Prague Astronomical Clock,Pražský orloj,"50.08702206040817, 14.420709301442129","Staroměstské nám. 1, 110 00 Josefov, Czechia","Staroměstská (Subway, tram, bus)",Old Town,10.0,,"The Old Town Hall in Prague, the capital of the Czech Republic, is one of the city's most visited monuments. It is located in Old Town Square."
2026:09:01,Prague,10,Franz Kafka - Rotating Head by David Cerny,"Franz Kafka, Otočná Hlava, Socha Davida Černého","50.08165226058188, 14.420824352279777","Charvátova, 110 00 Nové Město, Czechia","Národní třída  (Tram, bus)",Point of interest,10.0,,"The Head of Franz Kafka, also known as the Statue of Kafka, is an outdoor kinetic sculpture by David Černý depicting Czech German-language writer Franz Kafka, installed on 31 October 2014 outside of the Quadrio shopping mall in Prague, Czech Republic."
2026:09:01,Prague,11,IAM Illusion Art Museum Prague,Muzeum Iluzivního Umění,"50.08513914531227, 14.42173705017811","Melantrichova 536/2, 110 00 Staré Město, Czechia",Můstek (Subway),Museums,15.0,,"The Divadlo v Kotcích, German Theater an der Kotzen, in English more usually Kotzen Theatre, was a Prague theatre and opera venue on v Kotcích street, which had its heyday from 1739 to 1783 as the second public opera theatre in Prague. Spoken plays and ballets were also presented there."
2026:09:01,Prague,12,Petřín,Petřín,"50.081360355649196, 14.393974681291256","Strahov, 169 00 Prague 6, Czechia",Dlabačov (Tram),Point of interest,15.0,,"Polibek is a protected sandstone statue by Czech sculptor Josef Mařatka (1874–1937), installed on the hill of Petřín (Hradčany) in Prague, Czech Republic."
2026:09:01,Prague,13,Lesser Town,Malá Strana,"50.08772417415401, 14.403789962813466","Strahov, 169 00 Prague 6, Czechia",Újezd  (Tram),Point of interest,15.0,,"Malá Strana or historically Menší Město pražské is a district of the city of Prague, Czech Republic, and one of its most historic neighbourhoods."
2026:09:01,Prague,14,Lobkowicz Palace,Lobkowiczký palác,"50.09164138831798, 14.40493946796965","Jiřská 3, 119 00 Praha 1-Hradčany, Czechia","Malostranská (Subway, tram, bus)",Point of interest,15.0,,"Youth, or Joyful Youth, is an outdoor bronze sculpture of a nude young man by Miloš Zet, installed in 1965 outside the House of children at Prague Castle in Prague, Czech Republic."
2026:09:01,Prague,15,Municipal house,Obecní dům,"50.08774142283563, 14.427780067969408","Náměstí Republiky 5, 111 21 Staré Město, Czechia","Náměstí Republiky (Subway, tram, bus)",Old Town,15.0,,"The Powder Tower or Powder Gate is a Gothic tower in Prague, Czech Republic. It is one of the original city gates. It separates the Old Town from the New Town."
2026:09:01,Prague,16,Spanish Synagogue,Židovské muzeum - Španělská synagoga,"50.09015389452033, 14.420925621966582","Vězeňská 1, 110 00 Staré Město, Czechia","Staroměstská (Subway, tram, bus)",Old Town,20.0,,"A statue of Franz Kafka by artist Jaroslav Róna was installed on Vězeňská street in the Jewish Quarter of Prague, Czech Republic in December 2003. It is situated near the Spanish Synagogue. It depicts Franz Kafka riding on the shoulders of a headless figure, in reference to the author's 1912 story ""Description of a Struggle""."
2026:09:01,Prague,17,Speculum Alchemiae,Speculum Alchemiae,"50.090829829873215, 14.422489267994175","Haštalská 1, 110 00 Staré Město, Czechia","Právnická fakulta ( Tram, bus)",Old Town,20.0,,"The Jewish Museum in Prague is one of the oldest Jewish museums in Europe. Established in 1906, it preserves and presents the Jewish cultural heritage of Bohemia and Moravia. Its collections include more than 44,000 collection objects, 130,000 books, and an extensive archive documenting the history of Jewish communities in the Czech lands."
2026:09:01,Prague,18,Sex Machines Museum,Sex Machines Museum,"50.086259411027214, 14.420838067356993","Melantrichova 476 /18/110 00, 110 00 Staré Město, Czechia",Můstek (Subway),Museums,20.0,,"House at the Two Golden Bears is a historic house in the Old Town area of Prague, Czech Republic. It is located in an alley off of Melantrichova Street in the Old Town."
2026:09:01,Prague,19,National Technical Museum,Národní technické muzeum,"50.09734984823586, 14.424795679546671","Kostelní 1320/42, 170 00 Praha 7-Letná, Czechia",Letenské náměstí (Tram),Museums,20.0,,"The National Technical Museum (NTM) in Prague is the largest institution dedicated to preserving information and artifacts related to the history of technology in the Czech Republic. The museum has large exhibits representing approximately 15% of its total collection. The museum also manages substantial archives consisting of approximately 3,500 linear shelf meters of archival material and about 250,000 books. The museum was founded in 1908 and has been in its current location since 1941."
2026:09:01,Prague,20,Waldstein Garden,Valdštejnská zahrada,"50.09040985491152, 14.407880596804999","Letenská 123/4, 118 00 Malá Strana, Czechia","Malostranská (Subway, tram, bus)",Parks & Nature,20.0,,The Institute of the Czech Language is a scientific institution dedicated to the study of the Czech language. It is one of the institutes of the Academy of Sciences of the Czech Republic. Its headquarters are in Prague and it has a branch in Brno.
2026:09:01,Prague,21,St. Nicholas Church,Kostel sv. Mikuláše,"50.0879244042758, 14.419853930902104","Staroměstské nám. 1101, 110 00 Staré Město, Czechia","Staroměstská (Subway, tram, bus)",Old Town,25.0,,The Church of Saint Nicholas is a Late-Gothic and Baroque church in the Old Town of Prague. It was built between 1732-1737 on the site of a Gothic church from the 13th century which was also dedicated to Saint Nicholas.
2026:09:01,Prague,22,Petrin Tower,Petřínská rozhledna,"50.08351320277455, 14.395083596804607","Petřínské sady 633, 118 00 Praha 1-Malá Strana, Czechia",Malovanka   (Tram),Point of interest,25.0,,"The Petřín Lookout Tower is a steel-framework tower 63.5 metres (208 ft) tall on Petřín Hill in Prague, built in 1891. It resembles the Eiffel Tower and was used as an observation tower as well as a transmission tower. Today, the tower is a major tourist attraction."
2026:09:01,Prague,23,Letna Park,Letenská pláň,"50.09599325411059, 14.415283096805418","Letná, 170 00 Prague 7, Czechia",Špejchar   (Tram),Parks & Nature,25.0,,"Stalin's Monument was a 15.5 m (51 ft) granite statue honoring Joseph Stalin in Prague, Czechoslovakia. It was unveiled on 1 May 1955 after more than 5+1⁄2 years of work, and was the world's largest representation of Stalin. The sculpture was demolished in late 1962."
2026:09:01,Prague,24,Steel Art Museum,Steel Art Museum,"50.08733777152508, 14.424317767969368","Celetná 15, 110 00 Staré Město, Czechia","Náměstí Republiky (Subway, tram, bus)",Museums,25.0,,"Celetná is a street in the Old Town, Prague, connecting the Old Town Square with the Powder Gate. It is one of the oldest streets in Prague and is part of the Royal Route. The street is approximately 400 meters long and trams once ran on it, today most of the street has the status of a pedestrian zone."
2026:09:01,Prague,25,Palladium Prague,Palladium Prague,"50.08924275507895, 14.429038496804985","Nám. Republiky 1078/1, 110 00 Petrská čtvrť, Czechia","Náměstí Republiky (Subway, tram, bus)",Shopping & Services,25.0,,"Palladium is a shopping mall located in the centre of Prague in the Czech Republic. It opened in 2007. The mall contains 170 shops and 30 restaurants, with a retail area of 39,000 square metres (420,000 sq ft). There is also designated office space in the building totalling 19,500 square metres (210,000 sq ft). It is one of the biggest shopping centres in the Czech Republic. It is directly opposite another shopping centre, Kotva Department Store."
2026:09:01,Prague,26,National Memorial to the Heroes of the Heydrich Terror,Národní památník hrdinů heydrichiády,"50.075923571523155, 14.416680296804108","Resslova 9a, 120 00 Nové Město, Czechia","Jiráskovo náměstí  (Tram, bus)",Point of interest,30.0,,"The Saints Cyril and Methodius Cathedral in Nové Město, Prague, the Czech Republic, is the principal Czech and Slovak Orthodox Church."
2026:09:01,Prague,27,Well of Vyšehrad,Národní kulturní památka Vyšehrad,"50.06292684761849, 14.42301757247629","V Pevnosti 159/5b, 128 00 Praha 2-Vyšehrad, Czechia","Výtoň  (Tram, bus)",Point of interest,30.0,,"Jedlička Institute is a Czech medical and educational institute specialized in the care of disabled children and adults. The primary location of the institute is situated in the Prague district of Vyšehrad. It was founded in 1913 by surgeon Rudolf Jedlička and is the oldest facility of its kind in the Czech Republic. The institute includes a nursery, primary school and several types of secondary schools."
2026:09:01,Prague,28,Vyšehrad,Vyšehrad,"50.0642009870935, 14.418886969510774","V Pevnosti, 128 00 Praha 2-Vyšehrad, Czechia","Výtoň  (Tram, bus)",Point of interest,30.0,,"Devil's Column is a formation of three stone columns, located in Vyšehrad, Prague, Czech Republic."
2026:09:01,Prague,29,National Gallery Prague – Trade Fair Palace,Národní galerie Praha – Veletržní palác,"50.10188671827773, 14.432669595064617","Dukelských Hrdinů 530/47, 170 00 Praha 7-Holešovice, Czechia","Vltavská  (Subway, tram, bus)",Point of interest,30.0,,"The Trade Fair Palace is a functionalist building in Prague-Holešovice, Czech Republic. It currently serves as the largest gallery site of the National Gallery Prague. It was originally constructed in 1925 to serve as a hall for trade fairs; however, it was closed after a six-day-long fire broke out in 1974. Soon after the fire, it was given to the National Gallery Prague and finally reopened in 1995. The building is notable as the first functionalist building in Prague and the largest functionalist building at the time of its construction."
2026:09:01,Prague,30,Strahov Monastery Brewery,Pivovar Strahov,"50.08684738762852, 14.388361196804803","Strahovské nádvoří 301, 118 00 Praha 1-Hradčany, Czechia",Pohořelec  (Tram),Cafes & Restaurants,30.0,,"The Basilica of the Assumption of Our Lady is a church in the Strahov Monastery, Prague. It was originally constructed as a Romanesque basilica and later rebuilt in Baroque style."
2026:09:01,Prague,31,Story of Prague Museum,Story of Prague Museum,"50.08599541605604, 14.414233414584327","Křižovnické nám. 194/1, 110 00 Staré Město, Czechia",Karlovy lázně (Tram),Old Town,40.0,,"St. Salvator Church is a Catholic church in the Klementinum in Old Town, Prague, Czech Republic."
2026:09:01,Prague,32,Klementinum,Klementinum,"50.08660045300536, 14.416015914620285","Mariánské nám. 5, 110 00 Staré Město, Czechia","Staroměstská (Subway, tram, bus)",Old Town,40.0,,The Clementinum is a historic complex of buildings in Prague which houses the National Library of the Czech Republic.
2026:09:01,Prague,33,Church of Our Lady before Týn,Chrám Matky Boží před Týnem,"50.0877554552923, 14.422528967969388","Staroměstské nám., 110 00 Staré Město, Czechia","Staroměstská (Subway, tram, bus)",Old Town,40.0,,"The Church of the Mother of God before Týn, or Church of Our Lady before Týn, is a Gothic church and a dominant feature of the Old Town of Prague, Czech Republic. It has been the main church of this part of the city since the 14th century. The church's two towers are 80 m high, and each tower's spire is topped by eight smaller spires in two layers of four."
2026:09:01,Prague,34,State Opera,Státní Opera,"50.08083085611231, 14.432605849819717","Wilsonova 4, 110 00 Praha 1-Vinohrady, Czechia","Muzeum  (Subway, tram, bus)",Culture,40.0,,"The State Opera is an opera house in Prague, Czech Republic. It is part of the National Theatre of the Czech Republic, founded by Ministry of Culture of the Czech Republic in 1992. The theatre itself originally opened in 1888 as the New German Theatre and from 1949 to 1989 it was known as the Smetana Theatre. More recently it was renamed the Prague State Opera. Currently it is home to approximately 300 performances a year."
2026:09:01,Prague,35,Museum of Communism,Muzeum Komunismu,"50.087961787788736, 14.429982496804861","V Celnici 1031/4, 118 00 Nové Město, Czechia","Náměstí Republiky (Subway, tram, bus)",Museums,40.0,,"The Museum of Communism, located at V Celnici 4 in Prague, Czechia, is a space dedicated to presenting an account of the post–World War II communist regime in Czechoslovakia, with a focus on Prague."
2026:09:01,Prague,36,Municipal Library of Prague,Městská knihovna v Praze - Ústřední knihovna,"50.087389987719654, 14.417387854490574","Mariánské nám. 98/1, 110 00 Josefov, Czechia","Staroměstská (Subway, tram, bus)",Culture,40.0,,"The National Library of the Czech Republic is the central library of the Czech Republic. It is directed by the Ministry of Culture. The library's main building is located in the historical Clementinum building in the centre of Prague, where approximately half of its books are kept. The other half of the collection is stored in the district of Hostivař. The National Library is the biggest library in the Czech Republic, housing around 6 million documents. The library currently has 20 627 registered readers. Although comprising mostly Czech texts, the library also stores older material from Turkey, Iran and India. The library also houses books for Charles University in Prague."
2026:09:01,Prague,37,Signal Space Digital Art Gallery & Museum,Signal Space Digital Art Gallery & Museum,"50.08421460297616, 14.421434525640086","Rytířská 406/10, 110 00 Staré Město, Czechia",Můstek (Subway),Museums,40.0,,"Wimmer's Fountain, or Wimmer Fountain, is an outdoor fountain and sculpture in Old Town, Prague, Czech Republic."
2026:09:01,Prague,38,Church of Our Lady Victorious and The Infant Jesus of Prague,Kostel Panny Marie Vítězné a Pražské Jezulátko,"50.0857355555714, 14.403432479936548","Karmelitská 9, 118 00 Praha 1, Czechia","Malostranské náměstí (Tram, bus)",Point of interest,40.0,,"The Church of Our Lady of Victories, also referred as the Shrine of the Infant Jesus of Prague, in Malá Strana, the ""Lesser Quarter"" of Prague, is a church governed and administered by the Discalced Carmelites."
2026:09:01,Prague,39,Kampa Park,Kampa Park,"50.0838628277739, 14.407831301766377","Malá Strana, 118 00 Prague 1, Czechia",Tyršův dům (Tram),Parks & Nature,40.0,,"The Čertovka (English: Devil's Canal), sometimes also called Little Prague Venice in English, is a canal in Prague, the Czech Republic."
2026:09:01,Prague,40,Strahov Monastery,Strahovský klášter,"50.086161539517974, 14.389240767969298","Strahovské nádvoří 1/132, 118 00 Praha 1-Strahov, Czechia",Pohořelec (Tram),Point of interest,40.0,,"The Basilica of the Assumption of Our Lady is a church in the Strahov Monastery, Prague. It was originally constructed as a Romanesque basilica and later rebuilt in Baroque style."
2026:09:01,Prague,41,Military History Institute in Prague: The Army Museum Žižkov,Vojenský historický ústav Praha: Armádní muzeum Žižkov,"50.087563887731505, 14.444656867969375","U Památníku 1600/2, 130 00 Praha 3-Žižkov, Czechia","Viktoria Žižkov  (Tram, bus)",Museums,40.0,,"The Karlín Music Theatre is a theatre in the Karlín district of Prague, in Czechia, devoted largely to the performance of operettas and musical theatre. Built in 1881, it is now the second largest theatre in Prague after the Prague State Opera."
2026:09:01,Prague,42,Aquapalace Prague,Aquapalace Prague,"50.007468871510994, 14.571505039128773","Pražská 138, 251 01 Čestlice-Říčany u Prahy, Czechia","Čestlice,aquapark (Bus)",SPA & Wellness,50.0,,"Aquapalace Prague is the largest water park in the Czech Republic. It is located in Čestlice, about 100 metres (330 ft) from the Prague city limits. The park opened on May 5, 2008. It has both indoor and outdoor areas, which are connected. The main water park covers an area of 9,150 square metres (98,500 sq ft), and is made up of three themed ""palaces"": Palace of Treasures, Palace of Adventure and Palace of Relaxation; the ""Sauna World"" section of the park covers another 1,750 square metres (18,800 sq ft)."
2026:09:01,Prague,43,Václavské nám,Václavské nám,"50.07989035391417, 14.429604242397176","New Town, 110 00 Prague 1, Czechia","Muzeum  (Subway, tram, bus)",Shopping & Services,50.0,,"The statue of Saint Wenceslas in Prague, Czech Republic depicts Wenceslaus I, Duke of Bohemia. It is installed at Wenceslas Square."
2026:09:01,Prague,44,Film Legends Museum of Prague,FILM LEGENDS EXPERIENCE MUSEUM PRAGUE,"50.08088284776792, 14.429359167968983","Opletalova 1535/4, 110 00 Nové Město, Czechia","I. P. Pavlova (Subway, tram)",Museums,50.0,,The Hotel Jalta is a hotel on Wenceslas Square in Prague that was hides a nuclear bunker constructed by the communist government. The hotel was constructed in 1954. The hotel building above the bunker was decorated in the socialist realism style. The bunker was discovered in 1989 with the collapse of communism. The building has been designated as a cultural monument of the Czech Republic.
2026:09:01,Prague,45,Dancing House,Tančící dům,"50.07541325044664, 14.414165089133112","Jiráskovo nám. 1981/6, 120 00 Nové Město, Czechia","Karlovo náměstí (Subway, tram, bus)",Point of interest,50.0,,"The Dancing House, or Ginger and Fred, is the nickname given to the Nationale-Nederlanden building on the Rašínovo nábřeží in Prague, Czech Republic. It was designed by the Croatian-Czech architect Vlado Milunić in cooperation with Canadian-American architect Frank Gehry on a vacant riverfront plot. The building was designed in 1992. The construction, carried out by BESIX, was completed four years later in 1996."
2026:09:01,Prague,46,Orthodox Cathedral of Saints Cyril and Methodius,Pravoslavný katedrální chrám sv. Cyrila a Metoděje,"50.07593134245455, 14.417041739133193","Resslova 9a, 120 00 Nové Město, Czechia","Karlovo náměstí (Subway, tram, bus)",Point of interest,50.0,,"The Saints Cyril and Methodius Cathedral in Nové Město, Prague, the Czech Republic, is the principal Czech and Slovak Orthodox Church."
2026:09:01,Prague,47,Old Town Bridge Tower,Staroměstská mostecká věž,"50.086244339494236, 14.413560452627506","Karlův most, 110 00 Praha 1, Czechia",Karlovy lázně (Tram),Point of interest,50.0,,"Old Town Bridge Tower is a gothic monument located in Prague, Czech Republic. Its construction began in 1357 AD, during the rule of the Emperor Charles IV. It was designed by the architect Petr Parléř."
2026:09:01,Prague,48,Farmers' Saturday market,Farmářské tržiště Náplavka,"50.070666071522155, 14.414070567968288","Rašínovo nábřeží Vltavská, Náplavka, 120 00 Praha 2, Czechia","Palackého náměstí (Tram, bus)",Markets,50.0,,"The Ministry of Labour and Social Affairs of the Czech Republic is a government ministry, which was established in 1969."
2026:09:01,Prague,49,Franz Kafka Museum,Franz Kafka Museum,"50.088319571525176, 14.410132467969428","Cihelná 635, 118 00 Malá Strana, Czechia","Malostranská (Subway, tram, bus)",Point of interest,50.0,,"Piss is an outdoor 2004 sculpture and fountain by Czech artist David Černý, installed outside the Franz Kafka Museum in Malá Strana, Prague, Czech Republic."
2026:09:01,Prague,50,Fashion Arena Prague Outlet,Fashion Arena Prague Outlet,"50.074918514696776, 14.53898036796861","Zamenhofova 440, 108 00 Praha-Štěrboholy, Czechia",Fashion Arena Štěrboholy (Bus),Shopping & Services,50.0,,"The Czech village of Štěrboholy was founded in 1371, and became part of Prague in 1968. Now it is its own cadastral area, part of the administrative district Prague 10."
2026:09:01,Prague,51,Jewish Museum in Prague,Židovské muzeum v Praze - Informační centrum,"50.08958508802869, 14.418160767951175","Maiselova 15, 110 00 Josefov, Czechia","Právnická fakulta (Tram, bus)",Museums,50.0,,"Josefov is a town quarter and the smallest cadastral area of Prague, Czech Republic, formerly the Jewish ghetto of the town. It is surrounded by the Old Town. The quarter is often represented by the flag of Prague's Jewish community, a yellow Magen David on a red field."
2026:09:01,Prague,52,Museum of Fantastic Illusions,Muzeum fantastických iluzí,"50.08109649192458, 14.42446927687127","Vodičkova 31, 110 00 Nové Město, Czechia","Václavské náměstí (Tram, bus)",Museums,,,"Osvobozené divadlo (1926–1938) was a Prague avant-garde theatre scene founded as the theatre section of an association of Czech avant-garde artists Devětsil (Butterbur) in 1926. The theatre's beginnings were strongly influenced by Dadaism and Futurism, later by Poetism. The theatre was very leftist oriented, but it could also be critical of the Communists. One of the founders, Jiří Frejka, came up with the name in 1926. In the theatre both authorial plays and works by well-established modern authors; such as G. Apollinaire, A. Jarry, J. Cocteau, A. Breton, F. T. Marinetti, and V. Nezval were performed. The modern conception of the scene also laid more emphasis on lighting and the theatrical conception adjured more cooperation and contacts between actors and audience."
2026:09:01,Prague,53,Signal Space Digital Art Gallery & Museum,Signal Space Digital Art Gallery & Museum,"50.08423488427278, 14.421413270901736","Rytířská 406/10, 110 00 Staré Město, Czechia",Můstek (Subway),Museums,,,"Wimmer's Fountain, or Wimmer Fountain, is an outdoor fountain and sculpture in Old Town, Prague, Czech Republic."
2026:09:01,Prague,54,Sherlock Holmes: The Exhibition Praha,Sherlock Holmes: The Exhibition Praha,"50.090090466282895, 14.433681626724397","Petrská čtvrť 1, 110 00 Praha 1, Czechia",Florenc (Subway),Museums,,,"Bílá labuť is a department store on Na Poříčí Street in central Prague, Czech Republic. It is considered to be one of the finest examples of interwar avant-garde architecture. It is recognised by the Prague Municipality as an architecturally valuable building and is protected as a cultural real estate monument. At the time it was opened in 1939, it was the biggest and most modern department store in Central and Eastern Europe. It is currently undergoing extensive renovation."
2026:09:01,Prague,55,National Museum,Historická budova Národního muzea,"50.07896592770079, 14.430934640433717","Václavské nám. 68, 110 00 Nové Město, Czechia","Muzeum  (Subway, tram, bus)",Museums,,,"The Natural History Museum is a museum in Prague in the Czech Republic. It is one of the five components of the National Museum and currently consists of eight departments: the Mineralogical and Petrological, Paleontological, Mycological, Botanical, Entomological, Zoological, Anthropological, and the Ringing Station. The Natural History Museum employs over 80 people, and its collections contain more than 15 million objects, of which only a fraction are exhibited. Ivo Macek has been the director of the museum since 2015."
2026:09:01,Prague,56,KGB Museum,KGB Museum,"50.073616271522766, 14.408219439133049","Zborovská 1204/10, 150 00 Praha 5-Smíchov, Czechia",Zborovská (Tran),Museums,,,"Anděl is a Prague Metro station on Line B, located in Smíchov, Prague 5. The station was built between 1977 and 1985, designed in the Soviet style, by Soviet architects and dedicated to the Czechoslovak–Soviet friendship. It was opened on 2 November 1985, as part of the inaugural section of Line B between Sokolovská and Smíchovské nádraží. The station was renamed in 1990 to Anděl, after the nearby Anděl neighborhood. At present it is one of the busiest stations on line B."
2026:09:01,Prague,57,Botanical Garden of the City Prague,Botanická zahrada Praha,"50.12137057153119, 14.413238267971566","Trojská 800/196, 171 00 Praha-Troja, Czechia",Botanická zahrada Troja (Bus),Parks & Nature,,,"Troja became part of Prague in 1922. Now it is part of the district of Prague 7, Prague 8 and its own cadastral area."
2026:09:01,Prague,58,Hradčany,Hradčany,"50.089292783775505, 14.391505486858895","Loretánské nám. 7, 118 00 Praha 1-Hradčany, Czechia",Pohořelec (Tram),Point of interest,,,"Loreta is a pilgrimage destination in Hradčany, a district of Prague, Czech Republic. It consists of a cloister, the church of the Lord's Birth, the Santa Casa and a clock tower with a famous chime."
2026:09:01,Prague,59,Mozart Dinner Prague,Mozart Dinner Prague,"50.08777825528906, 14.426662167969393","Králodvorská 4, 110 00 Staré Město, Czechia","Náměstí Republiky (Subway, tram, bus)",Culture,,,"Hotel Paris Prague is a 5-star luxury hotel in Prague, Czech Republic. It is located in the centre of Prague in Old Town. It was built in 1904 according to plans of Jan Vejrych. Its architectural style is a mixture of Art Nouveau and Gothic Revival. It featured as a location in Bohumil Hrabal's book I Served the King of England. In 1984, it was declared as a historical monument."
2026:09:01,Prague,60,National Theatre,Národní divadlo,"50.08083888676444, 14.413307075917743","Národní 2/110 00, 110 00 Nové Město, Czechia",Národní divadlo (Tram),Culture,,,"The Prague Provisional Theatre was erected in 1862 as a temporary home for Czech drama and opera until a permanent National Theatre could be built. It opened on 18 November 1862 and functioned for 20 years, during which time over 5,000 performances were presented. Between 1866 and 1876 the theatre staged the premieres of four of Bedřich Smetana's operas, including The Bartered Bride. The Provisional Theatre building was eventually incorporated into the structure of the National Theatre, which opened its doors on 11 June 1881."
2026:09:01,Prague,61,The Vrtba Garden,Vrtbovská zahrada,"50.08664397152495, 14.402856939133871","Karmelitská 25, 118 00 Malá Strana, Czechia","Malostranské náměstí (Tram, bus)",Parks & Nature,,,"The Vrtba Garden in Prague is one of several fine High Baroque gardens in the Czech capital. Like three other Baroque gardens the Vrtba Garden is situated on the slope of Petřín Hill, in the Malá Strana section of the city. In the midst of an expansive moment in Prague's history during the 1710s and 1720s, the garden was laid out by František Maxmilián Kaňka, who was renovating the Vrtba palace for Jan Josef, Count of Vrtba. Though the palace has undergone extensive reconstructions in the succeeding centuries, the garden retained its Baroque features and the original statuary and sculptural decor by Matyáš Bernard Braun."
2026:09:01,Prague,62,Havel's Market,Havelské tržiště,"50.084774871524665, 14.420950067969176","Havelská 13, 110 00 Staré Město, Czechia",Můstek (Subway),Markets,,,"The Divadlo v Kotcích, German Theater an der Kotzen, in English more usually Kotzen Theatre, was a Prague theatre and opera venue on v Kotcích street, which had its heyday from 1739 to 1783 as the second public opera theatre in Prague. Spoken plays and ballets were also presented there."
2026:09:01,Prague,63,Waldstein Palace (Wallenstein Palace),Valdštejnský palác,"50.09005048808917, 14.40570986796953","Valdštejnské nám. 4, 118 00 Malá Strana, Czechia","Malostranská (Subway, tram, bus)",Parks & Nature,,,The Senate is the upper house of the Parliament of the Czech Republic. The seat of the Senate is Wallenstein Palace in Prague.
2026:09:01,Prague,64,Zlatá ulička u Daliborky,Zlatá ulička u Daliborky,"50.0918148883428, 14.403808339134162","Hradčany, 119 00 Prague 1, Czechia","Malostranská (Subway, tram, bus)",Point of interest,,,"Golden Lane is a street situated in Prague Castle, Czech Republic. Originally built in the 16th century to house Rudolf II's castle guards, it takes its name from the goldsmiths that lived there in the 17th century."
2026:09:01,Prague,65,Old Jewish Cemetery | Prague,Židovské muzeum v Praze - Starý židovský Hřbitov,"50.08942753181993, 14.417443498948794","Široká 3, 110 00 Josefov, Czechia","Staroměstská (Subway, tram, bus)",Point of interest,,,"The Pinkas Synagogue is a former Jewish congregation and synagogue, located at Široká 3, in the Jewish Town of Prague, in the Czech Republic. Completed in 1535, the synagogue the second oldest surviving synagogue in Prague and was completed in the Gothic style. Its origins date from the 15th century and are connected with the Horowitz family, a renowned Jewish family in Prague. Today, the synagogue is administered by the Jewish Museum in Prague and commemorates approximately 80,000 Czech Jewish victims of The Holocaust."
2026:09:01,Prague,66,The Powder Tower,Prašná brána,"50.087259203851275, 14.427777967969307","Nám. Republiky 5, 110 00 Staré Město, Czechia","Náměstí Republiky (Subway, tram, bus)",Historical Sites,,,"The Powder Tower or Powder Gate is a Gothic tower in Prague, Czech Republic. It is one of the original city gates. It separates the Old Town from the New Town."
2026:09:01,Prague,67,Rudolfinum,Rudolfinum,"50.08995617152558, 14.415417939134048","Alšovo nábř. 79/12, 110 00 Staré město-Staré Město, Czechia","Staroměstská (Subway, tram, bus)",Culture,,,"The Prague Spring International Music Festival is a classical music festival held every year in Prague, Czech Republic, with symphony orchestras and chamber music ensembles from around the world."
2026:09:01,Prague,68,National Gallery Prague - Convent of St. Agnes,Národní galerie Praha – Klášter sv. Anežky České,"50.09207848838078, 14.424059396805175","U Milosrdných 17, 110 00 Staré Město, Czechia","Dlouhá třída (Tram, bus)",Culture,,,"The convent of Saint Agnes is situated on the right bank of Vltava, in Prague Old Town area called „Na Františku“. The monastery of Poor Clares of the Order of Saint Clare and Franciscans was founded in 1231 by Agnes of Bohemia, who also became the abbess of the convent."
2026:09:01,Prague,69,Babies,Miminka,"50.084139971524415, 14.408346996804596","Ostrov Kampa, 118 00 Malá Strana, Czechia",Tyršův dům (Tram),Point of interest,,,"Réva, or Dívka s hrozny, is an outdoor statue, installed in 1960 at Kampa Park in Prague, Czech Republic. The statue is a typical work of Karla Vobišová-Žáková, the first Czech professional female sculptor, aimed to figural and portrait sculptures. The almost life-size statue was created from Carrara marble, the piedestal from sandstone. The statue is separately registered and protected as a cultural monument since 1964. The last restoration was made in 1997."
2026:09:01,Prague,70,Westfield Chodov,Westfield Chodov,"50.03047095549882, 14.490655339130313","Roztylská 2321/19, 148 00 Praha 11-Chodov, Czechia","Chodov (Subway, bus)",Shopping & Services,,,"Westfield Chodov, previously known as Centrum Chodov, is a shopping center in the Chodov district of Prague, Czech Republic. It is located near the metro station of the same name, between the streets U Kunratického lesa, Roztylská and the D1 motorway towards Brno. Westfield Chodov is the largest shopping center in the Czech Republic with 300 shops, and the retail floor area is 100.000 m2, the second largest in the country behind shopping centre Letňany. The owner of Westfield Chodov is the company Unibail-Rodamco-Westfield. It was built in 2005, with a major expansion occurred in 2017. It receives 13 million customers annually, employing approximately 8,000 people."
2026:09:01,Prague,71,Museum of Bricks Prague,Museum of Bricks Prague,"50.08261718702023, 14.419373596804538","Národní 362/31, 110 00 Staré Město, Czechia","Národní třída  (Tram, bus)",Point of interest,,,"The Václav Špála Gallery is a Prague gallery of mostly contemporary art. It is located at no. 59/30 Národní třída, in the New Town of Prague. The gallery holds exhibitions particularly of works by living Czech professional artists of the middle generation who are among the best painters, photographers, and sculptors on the art scene today. The exhibitions regularly alternate between works of painting, photography, and sculpture."
2026:09:01,Prague,72,Man Hanging Out - David Černý's Statue of Sigmund Freud,"Socha zavěšeného Sigmunda Freuda ""Viselec""","50.08415848724186, 14.418288667969172","Husova, 110 00 Staré Město, Czechia","Národní třída  (Tram, bus)",Point of interest,,,"The Church of Saint Giles is a church in Prague, Czech Republic. This monumental three-aisled church was built on the foundations of a Romanesque church. Subsequently, numerous reconstructions took place during the 12th to 14th century. The Church of St. Giles in Prague was consecrated on 4 May 1371.
In 1625, the church was donated to the Dominican order, which has served here and in the adjacent monastery ever since. The church was remodeled in Baroque style."
2026:09:01,Prague,73,Mozart Interactive Museum,Mozart Interactive Museum,"50.086750287614514, 14.421006796804773","Staroměstské nám. 480/24, 110 00 Staré Město, Czechia","Staroměstská (Subway, tram, bus)",Culture,,,"The Prague astronomical clock, or Prague Orloj, is a medieval astronomical clock attached to the Old Town Hall in Prague, the capital of the Czech Republic."
2026:09:01,Prague,74,RANGER PRAGUE Shooting Range,RANGER PRAGUE Shooting Range,"50.071553918630705, 14.431886138725648","Lublaňská 1729/23, 120 00 Nové Město, Czechia","I. P. Pavlova (Subway, tram)",Point of interest,,,"I. P. Pavlova is a Prague Metro station on Line C. It is in the Vinohrady district of Prague. Above the station is I. P. Pavlov Square, which is named after Russian physiologist Ivan Petrovich Pavlov. Both the station and the square are shortened by locals to diminutive names such as Ípák, Pavlák or Ípáč."
2026:09:01,Prague,75,Loreto,Loreto,"50.08922520441631, 14.391488539134018","Loretánské nám. 7, 118 00 Praha 1-Hradčany, Czechia",Pohořelec (Tram),Historical Sites,,,"Loreta is a pilgrimage destination in Hradčany, a district of Prague, Czech Republic. It consists of a cloister, the church of the Lord's Birth, the Santa Casa and a clock tower with a famous chime."
2026:09:01,Prague,76,Aircraft museum Prague-Kbely,"Vojenský historický ústav Praha, Letecké muzeum Kbely","50.12525070127117, 14.535511950503826","Mladoboleslavská 425/9, 197 00 Kbely, Czechia",Letecké muzeum (Bus),Museums,,,"Kbely Aviation Museum is the largest aviation museum in the Czech Republic and one of the largest of its kind in Europe. It is located to the north-east of Prague, at the military airport Kbely."
2026:09:01,Prague,77,O2 arena,O2 arena,"50.10480996549271, 14.493599946006182","Českomoravská 2345/17a, 190 00 Praha 9, Czechia",Arena Libeň jih (Tram),Culture,,,"O2 Arena (stylised as O2 arena) is a multi-purpose arena, in Prague, Czech Republic."
2026:09:01,Prague,78,Jerusalem Synagogue Prague,Jeruzalémská synagoga,"50.08467623469705, 14.431988210298266","Jeruzalémská 1310/7, Jeruzalémská 7, Nové Město, 110 00 Praha 1, Czechia","Hlavní nádraží (Subway, tram, bus)",Point of interest,,,"The Jubilee Synagogue, also known as the Jerusalem Synagogue, is an active Orthodox Jewish synagogue, located on Jerusalem Street in the Nové Město district of Prague, in the Czech Republic. It is currently the largest synagogue in Prague, although not the largest in the country."
2026:09:01,Prague,79,Statue of Saint Wenceslas Riding an Upside-Down Dead Horse,Socha svatého Václava jedoucího na mrtvém koni,"50.08083976664103, 14.426400338577844","Vodičkova 704/36, 110 00 Nové Město, Czechia","Václavské náměstí (Tram, bus)",Point of interest,,,"Lucerna Palace is an entertainment and shopping complex in the New Town quarter of Prague, Czech Republic. In 2017, it was named a national cultural monument."
2026:09:01,Prague,80,Trojský zámek,GHMP Zámek Troja,"50.116441812241085, 14.412863167971217","U Trojského zámku 4/1, 171 00 Praha 7, Czechia",Zoo Praha – Troja (Bus),Point of interest,,,"Troja Palace is a Baroque palace located in Troja, Prague's north-west borough. It was built for the Counts of Sternberg from 1679 to 1691. The palace is owned by the city of Prague and hosts the 19th century Czech art collections of the City Gallery."
2026:09:01,Prague,81,Divoká Šárka,Divoká Šárka,"50.09333316930491, 14.324996868530745","116 00 Prague 6, Czechia","Divoká Šárka (Tram, bus)",Parks & Nature,,,"Liboc is a district of the city of Prague, the capital of the Czech Republic. It is part of Prague 6, located near Divoká Šárka."
2026:09:01,Prague,82,The Estates Theatre,Stavovské divadlo,"50.08597128750249, 14.423654367969263","Železná, 110 00 Staré Město, Czechia",Můstek (Subway),Culture,,,"The Estates Theatre is a historic theatre in Prague, Czech Republic. The Estates Theatre was annexed to the National Theatre in 1948 and currently draws on three artistic ensembles, opera, ballet, and drama, which perform at the Estates Theatre, the National Theatre, and the Kolowrat Theatre."
2026:09:01,Prague,83,Grotta Cave,Grotta Umělá jeskyně,"50.07005234414199, 14.443250339132835","Vinohrady, 120 00 Prague 2, Czechia","Krymská (Tram, bus)",Parks & Nature,,,Šaloun Villa is a studio in Prague designed by and for the sculptor Ladislav Šaloun. The villa was designed and built to construct the Jan Hus Memorial but it was also a meeting place for the Czech intelligentsia. Today the building has been restored and it is used for education.
2026:09:01,Prague,84,DOX Centre for Contemporary Art,DOX Centre for Contemporary Art,"50.10682215255683, 14.447817567970588","Poupětova 1, 170 00 Praha 7-Holešovice, Czechia","Ortenovo náměstí (Tram, bus)",Culture,,,"Stadion Lokomotiva Praha is a stadium in Holešovice, Prague, Czech Republic, opened in 1953. It is currently used mostly for football matches and is the home ground of Loko Prague. The ground hosted matches in the 2013–14 Czech National Football League."
2026:09:01,Prague,85,Jan Hus monument,Památník Jana Husa,"50.08773523906623, 14.421152925640364","Staroměstské nám. 1, 110 00 Staré Město, Czechia","Staroměstská (Subway, tram, bus)",Historical Sites,,,"The Jan Hus Memorial stands at one end of Old Town Square, Prague in the Czech Republic. The huge monument depicts victorious Hussite warriors and Protestants who were forced into exile 200 years after Hus in the wake of the lost Battle of the White Mountain during the Thirty Years' War, and a young mother who symbolises national rebirth."
2026:09:01,Prague,86,Kingdom of Railways,Království Železnic,"50.07128494378821, 14.402614867968364","Stroupežnického 23, 150 00 Praha 5-Smíchov, Czechia","Anděl (Subway, tram, bus)",Point of interest,,,"The Smíchov Synagogue is a former Reform Jewish congregation and synagogue, located at Stroupežnického 32, Smíchov, in Prague, in the Czech Republic. Completed in 1863, the former synagogue was remodelled in 1931 in the Functionalist style. After the World War II, the building was used for secular purposes because the Smíchov Jewish community ceased to exist in the Shoah. Since 1998, the building has been used as an archive of the Jewish Museum in Prague."
2026:09:01,Prague,87,Saints Peter & Paul Basilica,Bazilika svatého Petra a Pavla,"50.06442637152096, 14.417886696803329","Štulcova, 128 00 Praha 2-Vyšehrad, Czechia","Výtoň  (Tram, bus)",Point of interest,,,"The Basilica of St. Peter and St. Paul is a neo-Gothic collegiate and parish church in Vyšehrad fortress in Prague, Czech Republic."
2026:09:01,Prague,88,Original Beer Spa,Original Beer Spa,"50.077536789464475, 14.422982158707288","9, Žitná 658, Nové Město, 110 00 Praha, Czechia",Novoměstská radnice (Tram),Bars & Clubs,,,"The New Town Hall is the administrative centre of Prague's (medieval) New Town Quarter, or ""Nové Město"". In 1419 it was the site of the first of the three defenestrations of Prague."
2026:09:01,Prague,89,Střelecký ostrov,Střelecký ostrov,"50.081944686923514, 14.410340625639929","110 00 Prague 1, Czechia",Evropská (tram),Parks & Nature,,,"Legion Bridge is a historic bridge over the Vltava in Prague, Czech Republic, named after the Czechoslovak Legion. It opened on 14 June 1901."
2026:09:01,Prague,90,Karel Zeman Museum,Muzeum Karla Zemana,"50.08659060365915, 14.40750363913383","Saská 520/3, 118 00 Malá Strana, Czechia","Malostranské náměstí (Tram, bus)",Museums,,,"The statues of John of Matha, Felix of Valois and Saint Ivan are outdoor sculptures by Ferdinand Brokoff, installed on the south side of the Charles Bridge in Prague, Czech Republic."
2026:09:01,Prague,91,The Štefánik Observatory,Štefánikova hvězdárna,"50.08131775621576, 14.39791736796896","Strahovská 205, 118 00 Praha 1, Czechia",Stadion Strahov (Bus),Point of interest,,,"Štefánik's Observatory, sometimes called the Prague Observatory, is an astronomical observatory on Petřín hill in the center of Prague founded in 1928 and named after Slovak astronomer Milan Rastislav Štefánik. In modern times, the observatory specializes in the popularization of astronomy and related natural sciences."
2026:09:01,Prague,92,Cafe Slavia,Cafe Slavia,"50.081559871524036, 14.413432496804475","Národní 1, 110 00 Staré Město, Czechia",Národní divadlo (Tram),Cafes & Restaurants,,,"Café Slavia is a café in Prague, Czech Republic, located on the corner of Národní street and Smetanovo nábřeží, next to the Vltava river and opposite the National Theatre. It was opened in August 1884. Poet and novelist Rainer Maria Rilke regularly spent time in the café. It was known for its associations with Prague's dissident community, hosting people such as Václav Havel, who would later become his country's president, and poet Jiří Kolář during the normalization period. It was also known as a place for writers, poets and other intellectuals to meet and discuss their ideas. The café was closed in 1992 due to a legal dispute but re-opened in 1997. Café Slavia has been described as Prague's ""best-known café""."
2026:09:01,Prague,93,Old Town Square,Staroměstské náměstí,"50.08756243200885, 14.421157212048122","Staroměstské nám., 110 00 Josefov, Czechia","Staroměstská (Subway, tram, bus)",Old Town,,,"The European Association of Archaeologists (EAA) is a membership-based, not-for-profit association, open to archaeologists and other related or interested individuals or bodies in Europe and beyond. It was founded in 1994 at an inaugural meeting in Ljubljana, Slovenia, where its Statutes were formally approved, and recognized by the Council of Europe in 1999. EAA has had over 15,000 members on its database from 75 countries. EAA holds an annual conference and publishes the flagship journal, the European Journal of Archaeology. The EAA also publishes an in-house newsletter, The European Archaeologist (TEA), and two monograph series. The registered office of the association is in Prague, Czech Republic."
2026:09:01,Prague,94,Parizska Street,Pařížská,"50.08946433857305, 14.419374096778315","Josefov, 110 00 Prague 1, Czechia","Staroměstská (Subway, tram, bus)",Old Town,,,"The Jewish Town Hall in Josefov, Prague, was constructed adjacent to the Old New Synagogue on the corner of Maiselova and Červená Ulice in 1586 in Renaissance style under the sponsorship of Mayor Mordechai Maisel. It acquired its Rococo facade in the 18th century."
2026:09:01,Prague,95,Josefov,Josefov,"50.0896372003347, 14.417352421896497","Široká 3, 110 00 Josefov, Czechia","Staroměstská (Subway, tram, bus)",Old Town,,,"The Old Jewish Cemetery is a Jewish cemetery in Prague, Czech Republic, which is one of the largest of its kind in Europe and one of the most important Jewish historical monuments in Prague. It served its purpose from the first half of the 15th century until 1786. Renowned personalities of the local Jewish community were buried here; among them rabbi Jehuda Liva ben Becalel – Maharal, businessman Mordecai Meisel (1528–1601), historian David Gans and rabbi David Oppenheim (1664–1736). Today the cemetery is administered by the Jewish Museum in Prague."
2026:09:01,Prague,96,Banksy Museum Prague - The World of Banksy,Banksy Museum Prague - The World of Banksy,"50.08626513948829, 14.420248667969263","Michalská 662/29, 110 00 Staré Město, Czechia","Staroměstská (Subway, tram, bus)",Old Town,,,"Church of Saint Michael the Archangel is a church situated in Prague, Czech Republic. It was built in Romanesque and Gothic style and later rebuilt in Baroque style. The priest and church reformer Jan Hus celebrated masses in the church. The church and adjacent monastery were disestablished during the reforms of the Emperor Joseph II in the 18th century. Later, the buildings served as a warehouse. In the crypt, there are buried rectors of the Prague's University."
2026:09:01,Prague,97,Nový Svět,Nový Svět,"50.09092427152584, 14.39136193913412","Hradčany, 118 00 Prague 1, Czechia",Brusnice (Tram),Point of interest,,,"Domeček is an informal name for a former small prison in Hradčany, district of Prague. The name in Czech means 'small house' and refers to the size of the building."
2026:09:01,Prague,98,St. Francis Of Assisi Church,Kostel svatého Františka z Assisi,"50.08631637154041, 14.41424543253388","Křižovnické nám. 3, 110 00 Staré Město, Czechia","Staroměstská (Subway, tram, bus)",Old Town,,,"The statue of Charles IV is an outdoor sculpture of Charles IV, Holy Roman Emperor, located at Křižovnické Square in Prague, Czech Republic."
2026:09:01,Prague,99,Nový Smíchov Shopping Centre,OC Nový Smíchov,"50.073147799795606, 14.402231139132976","Plzeňská 8, 150 00 Praha 5-Smíchov, Czechia","Anděl (Subway, tram, bus)",Shopping & Services,,,"Nový Smíchov is a shopping mall located west of the centre of Prague in the Czech Republic. It opened in 2001. The mall has a retail area of 60,000 square metres (650,000 sq ft). It is one of the biggest shopping centres in the Czech Republic."
2026:09:01,Prague,100,Prague's narrowest alley,Nejužší pražská ulička,"50.0879090272064, 14.409582429937862","U Lužického semináře, 118 00 Malá Strana, Czechia","Malostranská (Subway, tram, bus)",Point of interest,,,The Franz Kafka Museum in Prague is dedicated to the author Franz Kafka. The museum hosts a number of first edition Kafka books.
