city,id,name,name_original,coordinates,address,public_stops,theme,tops,image_url,description
Lentvaris,1,Lauko g. 9,Lauko g. 9,"54.64026383345021, 25.048779938482145","Lauko g. 9, Lentvaris, 25119 Trakų r. sav.",,Point of interest,5,,"Lentvaris is a city in eastern Lithuania, 9 km east of Trakai. It is a transportation hub, as several road and rail routes cross here. 
Lake Lentvaris is nearby."
Lentvaris,2,Lentvario Viešpaties apreiškimo Švč. Mergelei Marijai bažnyčia,Lentvario Viešpaties apreiškimo Švč. Mergelei Marijai bažnyčia,"54.641716682014454, 25.047465656097703","Mokyklos g. 17, Lentvaris, 25118 Trakų r. sav.",,Church,5,,"Lentvaris is a city in eastern Lithuania, 9 km east of Trakai. It is a transportation hub, as several road and rail routes cross here. 
Lake Lentvaris is nearby."
Lentvaris,3,Parduotuvė Ant kampo,Parduotuvė Ant kampo,"54.64420937600914, 25.04765877515743","Geležinkelio g. 36, Lentvaris, 25116 Trakų r. sav.",,Shopping & Services,5,,"Lentvaris is a city in eastern Lithuania, 9 km east of Trakai. It is a transportation hub, as several road and rail routes cross here. 
Lake Lentvaris is nearby."
Lentvaris,4,"Lentvaris, train station","Lentvaris, geležinkelio stotis","54.64472035531569, 25.046889313804524","Geležinkelio g. 13, Lentvaris, 25131 Trakų r. sav.",,Transport system,5,,"Lentvaris is a city in eastern Lithuania, 9 km east of Trakai. It is a transportation hub, as several road and rail routes cross here. 
Lake Lentvaris is nearby."
Vilnius,5,"Vilnius,, train station","Vilnius,, geležinkelio stotis","54.67045513229746, 25.284191466316983","Geležinkelio g. 16, Vilnius, 02100 Vilniaus m. sav.",,Transport system,5,,"Vilnius Central Railway Station is the main passenger station in Vilnius, the capital and largest city of Lithuania. The railway station is situated between two neighbourhoods of Vilnius — Naujininkai and Naujamiestis — and on the edge of the Old Town. It is operated by LTG Link."
Kaunas,6,"Kaunas, train station","Kaunas, geležinkelio stotis","54.88631128736984, 23.931847943280044","Kaunas, 44362 Kaunas City Municipality",,Transport system,10,,"Kaunas railway station is a Lithuanian Railways central passenger railway station in Kaunas. It is located at the eastern edge of Central Kaunas, Lithuania. Kaunas railway station was included into the Registry of Immovable Cultural Heritage Sites of the Republic of Lithuania in 2003."
Mockava,7,"Mockava, train station","Mockava, geležinkelio stotis","54.32811787510691, 23.35574175994277","Zelionka, 67391 Lazdijai District Municipality",,Transport system,10,,
Suwalki,8,"Suwalki, tarin station","Suwalki, tarin station","54.10587868210777, 22.94539015340455","16-402 Suwałki, Poland",,Transport system,10,,"Suwałki is the main railway station in the city of Suwałki, located in the Podlaskie Voivodeship of north eastern Poland. As of 2012, it is served by Polregio and international trains to and from Lithuania. In 2017, the station served 300–499 passengers per day."
Suwalki,9,Biuro Rachubkowe,Biuro Rachubkowe,"54.098809867892555, 22.92579056579681","Adama Mickiewicza 7a, 16-402 Suwałki, Poland",,Point of interest,10,,"Suwałki is a city in northeastern Poland with a population of 69,206 (2021). It is the capital of Suwałki County and one of the most important centers of commerce in the Podlaskie Voivodeship."
Suwalki,10,Erste Bank Polska S.A.,Erste Bank Polska S.A.,"54.09809599145507, 22.928323361239627",Erste Bank Polska S.A. – bankomat/wpłatomat,,Point of interest,10,,"Suwałki is a city in northeastern Poland with a population of 69,206 (2021). It is the capital of Suwałki County and one of the most important centers of commerce in the Podlaskie Voivodeship."
Suwalki,11,Biedronka,Biedronka,"54.10924117010514, 22.936487014350735","Papieża Jana Pawła II 2, 16-400 Suwałki, Poland",,Shopping & Services,15,,"Suwałki is the main railway station in the city of Suwałki, located in the Podlaskie Voivodeship of north eastern Poland. As of 2012, it is served by Polregio and international trains to and from Lithuania. In 2017, the station served 300–499 passengers per day."
Suwalki,12,Karczma Polska,Karczma Polska,"54.107370279151944, 22.926919494471377","Tadeusza Kościuszki 101a, 16-402 Suwałki, Poland",,Cafes & Restaurants,15,,Church of Saint Alexander in Suwałki is a Roman Catholic parish church belonging to the Suwałki deanery of St. Benedict and Romuald of the Ełk diocese. It is located on Józef Piłsudski Square.
